{"cameraMode":{"drawMode":0,"name":"Shaded","section":"Shading Mode"},"sceneLighting":true,"audioPlay":false,"sceneViewState":{"showFog":true,"showMaterialUpdate":false,"showSkybox":true,"showFlares":true,"showImageEffects":true,"showParticleSystems":true},"in2DMode":false,"pivot":{"x":-2.091482162475586,"y":-8.047724723815918,"z":18.336891174316408},"rotation":{"x":-0.3284643292427063,"y":0.026061633601784707,"z":-0.009066927246749401,"w":-0.9441132545471191},"size":71.93667602539063,"orthographic":false}